{
    "metrics": {
        "http_req_failed": {
            "passes": 0,
            "fails": 240,
            "value": 0
        },
        "http_req_duration{expected_response:true}": {
            "avg": 116.56529541666671,
            "min": 108.7029,
            "med": 116.6351,
            "max": 318.8174,
            "p(90)": 120.84246,
            "p(95)": 121.2077
        },
        "http_req_blocked": {
            "avg": 9.984574583333332,
            "min": 0,
            "med": 0,
            "max": 308.2838,
            "p(90)": 0,
            "p(95)": 0
        },
        "http_req_tls_handshaking": {
            "p(90)": 0,
            "p(95)": 0,
            "avg": 4.928983333333334,
            "min": 0,
            "med": 0,
            "max": 137.9722
        },
        "http_req_waiting": {
            "avg": 116.4408504166667,
            "min": 108.7029,
            "med": 116.24635,
            "max": 318.8174,
            "p(90)": 120.75096,
            "p(95)": 121.06084499999999
        },
        "data_sent": {
            "count": 66244,
            "rate": 1230.4597849330378
        },
        "iterations": {
            "count": 80,
            "rate": 1.4859728095320786
        },
        "iteration_duration": {
            "avg": 5381.236646250001,
            "min": 5330.8905,
            "med": 5351.9715,
            "max": 5777.9717,
            "p(90)": 5564.7831400000005,
            "p(95)": 5590.9751
        },
        "http_req_duration": {
            "p(90)": 120.84246,
            "p(95)": 121.2077,
            "avg": 116.56529541666671,
            "min": 108.7029,
            "med": 116.6351,
            "max": 318.8174
        },
        "vus": {
            "value": 1,
            "min": 1,
            "max": 10
        },
        "http_reqs": {
            "count": 240,
            "rate": 4.457918428596236
        },
        "http_req_receiving": {
            "avg": 0.10330124999999998,
            "min": 0,
            "med": 0,
            "max": 1.5053,
            "p(90)": 0.53662,
            "p(95)": 0.7414049999999999
        },
        "vus_max": {
            "value": 10,
            "min": 10,
            "max": 10
        },
        "data_received": {
            "count": 701566,
            "rate": 13031.35000115228
        },
        "http_req_sending": {
            "min": 0,
            "med": 0,
            "max": 0.5733,
            "p(90)": 0,
            "p(95)": 0,
            "avg": 0.02114375
        },
        "http_req_connecting": {
            "med": 0,
            "max": 121.2566,
            "p(90)": 0,
            "p(95)": 0,
            "avg": 4.832304583333333,
            "min": 0
        }
    },
    "root_group": {
        "groups": {},
        "checks": {},
        "name": "",
        "path": "",
        "id": "d41d8cd98f00b204e9800998ecf8427e"
    }
}